{
    "J11V4Z5": {
        "ChassisHostname": "labn16", 
        "Slot1": {
            "BootROMVersion": "v4.6.0.1003", 
            "ControllerType": "Solarflare SFC9100 family", 
            "ControllerVersion": "v6.2.5.1000", 
            "InstalledKeys": "Onload,PTP", 
            "Port0": {
                "BannerDelayTime": "2 seconds", 
                "BootImage": "Option ROM only", 
                "BootSkipDelayTime": "5 seconds", 
                "BootType": "PXE", 
                "ChangeMac": "Default", 
                "EventMergeTimeout": "8740 nanoseconds", 
                "FirmwareVariant": "Auto", 
                "InsecureFilters": "Default", 
                "Link-UpDelayTime": "5 seconds", 
                "LinkSpeed": "Negotiated automatically", 
                "MacAddress": "00-0F-53-42-3D-10", 
                "MacSpoofing": "Default", 
                "PfMsi-XInterruptLimit": "32", 
                "PhysicalFunctionsOnThisPort": "1", 
                "PortMode": "2x10G", 
                "RxDescriptorCacheSize": "32", 
                "SwitchMode": "Default", 
                "TotalNumberOfVis": "2048", 
                "TxDescriptorCacheSize": "16", 
                "VfMsi-XInterruptLimit": "8", 
                "VirtualFunctionsOnEachPf": "0", 
                "VlanTags": "None"
            }, 
            "Port1": {
                "BannerDelayTime": "2 seconds", 
                "BootImage": "Option ROM only", 
                "BootSkipDelayTime": "5 seconds", 
                "BootType": "PXE", 
                "ChangeMac": "Default", 
                "EventMergeTimeout": "8740 nanoseconds", 
                "FirmwareVariant": "Auto", 
                "InsecureFilters": "Default", 
                "Link-UpDelayTime": "5 seconds", 
                "LinkSpeed": "Negotiated automatically", 
                "MacAddress": "00-0F-53-42-3D-11", 
                "MacSpoofing": "Default", 
                "PfMsi-XInterruptLimit": "32", 
                "PhysicalFunctionsOnThisPort": "1", 
                "PortMode": "2x10G", 
                "RxDescriptorCacheSize": "32", 
                "SwitchMode": "Default", 
                "TotalNumberOfVis": "2048", 
                "TxDescriptorCacheSize": "16", 
                "VfMsi-XInterruptLimit": "8", 
                "VirtualFunctionsOnEachPf": "0", 
                "VlanTags": "None"
            }, 
            "ProductName": "Solarflare SFN7122F 2x10GbE SFP+ Flareon Ultra", 
            "SerialNumber": "750121310371161917100326"
        }, 
        "Slot4": {
            "BootROMVersion": "v4.6.0.1003", 
            "ControllerType": "Solarflare SFC9100 family", 
            "ControllerVersion": "v4.7.1.1001", 
            "FirmwareVersion": "v6.2.0", 
            "InstalledKeys": "Onload,PTP", 
            "Port0": {
                "BannerDelayTime": "2 seconds", 
                "BootImage": "Option ROM only", 
                "BootSkipDelayTime": "5 seconds", 
                "BootType": "PXE", 
                "ChangeMac": "Default", 
                "EventMergeTimeout": "8740 nanoseconds", 
                "FirmwareVariant": "Auto", 
                "InsecureFilters": "Default", 
                "Link-UpDelayTime": "5 seconds", 
                "LinkSpeed": "Negotiated automatically", 
                "MacAddress": "00-0F-53-42-1B-60", 
                "MacSpoofing": "Default", 
                "PfMsi-XInterruptLimit": "32", 
                "PhysicalFunctionsOnThisPort": "1", 
                "PortMode": "2x10G", 
                "RxDescriptorCacheSize": "32", 
                "SwitchMode": "Default", 
                "TotalNumberOfVis": "2048", 
                "TxDescriptorCacheSize": "16", 
                "VfMsi-XInterruptLimit": "8", 
                "VirtualFunctionsOnEachPf": "0", 
                "VlanTags": "None"
            }, 
            "Port1": {
                "BannerDelayTime": "2 seconds", 
                "BootImage": "Option ROM only", 
                "BootSkipDelayTime": "5 seconds", 
                "BootType": "PXE", 
                "ChangeMac": "Default", 
                "EventMergeTimeout": "8740 nanoseconds", 
                "FirmwareVariant": "Auto", 
                "InsecureFilters": "Default", 
                "Link-UpDelayTime": "5 seconds", 
                "LinkSpeed": "Negotiated automatically", 
                "MacAddress": "00-0F-53-42-1B-61", 
                "MacSpoofing": "Default", 
                "PfMsi-XInterruptLimit": "32", 
                "PhysicalFunctionsOnThisPort": "1", 
                "PortMode": "2x10G", 
                "RxDescriptorCacheSize": "32", 
                "SwitchMode": "Default", 
                "TotalNumberOfVis": "2048", 
                "TxDescriptorCacheSize": "16", 
                "VfMsi-XInterruptLimit": "8", 
                "VirtualFunctionsOnEachPf": "0", 
                "VlanTags": "None"
            }, 
            "ProductName": "Solarflare SFN7122F 2x10GbE SFP+ Flareon Ultra", 
            "SerialNumber": "750121310371161867100287"
        }, 
        "Slot5": {
            "BootROMVersion": "v4.6.0.1003", 
            "ControllerType": "Solarflare SFC9100 family", 
            "ControllerVersion": "v4.7.1.1001", 
            "FirmwareVersion": "v6.2.0", 
            "InstalledKeys": "Onload,PTP", 
            "Port0": {
                "BannerDelayTime": "2 seconds", 
                "BootImage": "Option ROM only", 
                "BootSkipDelayTime": "5 seconds", 
                "BootType": "PXE", 
                "ChangeMac": "Default", 
                "EventMergeTimeout": "8740 nanoseconds", 
                "FirmwareVariant": "Auto", 
                "InsecureFilters": "Default", 
                "Link-UpDelayTime": "5 seconds", 
                "LinkSpeed": "Negotiated automatically", 
                "MacAddress": "00-0F-53-42-1B-A0", 
                "MacSpoofing": "Default", 
                "PfMsi-XInterruptLimit": "32", 
                "PhysicalFunctionsOnThisPort": "1", 
                "PortMode": "2x10G", 
                "RxDescriptorCacheSize": "32", 
                "SwitchMode": "Default", 
                "TotalNumberOfVis": "2048", 
                "TxDescriptorCacheSize": "16", 
                "VfMsi-XInterruptLimit": "8", 
                "VirtualFunctionsOnEachPf": "0", 
                "VlanTags": "None"
            }, 
            "Port1": {
                "BannerDelayTime": "2 seconds", 
                "BootImage": "Option ROM only", 
                "BootSkipDelayTime": "5 seconds", 
                "BootType": "PXE", 
                "ChangeMac": "Default", 
                "EventMergeTimeout": "8740 nanoseconds", 
                "FirmwareVariant": "Auto", 
                "InsecureFilters": "Default", 
                "Link-UpDelayTime": "5 seconds", 
                "LinkSpeed": "Negotiated automatically", 
                "MacAddress": "00-0F-53-42-1B-A1", 
                "MacSpoofing": "Default", 
                "PfMsi-XInterruptLimit": "32", 
                "PhysicalFunctionsOnThisPort": "1", 
                "PortMode": "2x10G", 
                "RxDescriptorCacheSize": "32", 
                "SwitchMode": "Default", 
                "TotalNumberOfVis": "2048", 
                "TxDescriptorCacheSize": "16", 
                "VfMsi-XInterruptLimit": "8", 
                "VirtualFunctionsOnEachPf": "0", 
                "VlanTags": "None"
            }, 
            "ProductName": "Solarflare SFN7122F 2x10GbE SFP+ Flareon Ultra", 
            "SerialNumber": "750121310371161867100291"
        }, 
        "Slot6": {
            "BootROMVersion": "v4.6.0.1003", 
            "ControllerType": "Solarflare SFC9100 family", 
            "ControllerVersion": "v4.7.1.1001", 
            "FirmwareVersion": "v6.2.0", 
            "InstalledKeys": "Onload,PTP", 
            "Port0": {
                "BannerDelayTime": "2 seconds", 
                "BootImage": "Option ROM only", 
                "BootSkipDelayTime": "5 seconds", 
                "BootType": "PXE", 
                "ChangeMac": "Default", 
                "EventMergeTimeout": "8740 nanoseconds", 
                "FirmwareVariant": "Auto", 
                "InsecureFilters": "Default", 
                "Link-UpDelayTime": "5 seconds", 
                "LinkSpeed": "Negotiated automatically", 
                "MacAddress": "00-0F-53-42-1F-A0", 
                "MacSpoofing": "Default", 
                "PfMsi-XInterruptLimit": "32", 
                "PhysicalFunctionsOnThisPort": "1", 
                "PortMode": "2x10G", 
                "RxDescriptorCacheSize": "32", 
                "SwitchMode": "Default", 
                "TotalNumberOfVis": "2048", 
                "TxDescriptorCacheSize": "16", 
                "VfMsi-XInterruptLimit": "8", 
                "VirtualFunctionsOnEachPf": "0", 
                "VlanTags": "None"
            }, 
            "Port1": {
                "BannerDelayTime": "2 seconds", 
                "BootImage": "Option ROM only", 
                "BootSkipDelayTime": "5 seconds", 
                "BootType": "PXE", 
                "ChangeMac": "Default", 
                "EventMergeTimeout": "8740 nanoseconds", 
                "FirmwareVariant": "Auto", 
                "InsecureFilters": "Default", 
                "Link-UpDelayTime": "5 seconds", 
                "LinkSpeed": "Negotiated automatically", 
                "MacAddress": "00-0F-53-42-1F-A1", 
                "MacSpoofing": "Default", 
                "PfMsi-XInterruptLimit": "32", 
                "PhysicalFunctionsOnThisPort": "1", 
                "PortMode": "2x10G", 
                "RxDescriptorCacheSize": "32", 
                "SwitchMode": "Default", 
                "TotalNumberOfVis": "2048", 
                "TxDescriptorCacheSize": "16", 
                "VfMsi-XInterruptLimit": "8", 
                "VirtualFunctionsOnEachPf": "0", 
                "VlanTags": "None"
            }, 
            "ProductName": "Solarflare SFN7122F 2x10GbE SFP+ Flareon Ultra", 
            "SerialNumber": "750121310371161867100355"
        }
    }
}