{
    "J11V4Z2": {
        "ChassisHostname": "labn15", 
        "Slot1": {
            "BootROMVersion": "v4.6.0.1003", 
            "ControllerType": "Solarflare SFC9100 family", 
            "ControllerVersion": "v4.7.1.1001", 
            "FirmwareVersion": "v6.2.0", 
            "InstalledKeys": "Onload,PTP", 
            "Port0": {
                "BannerDelayTime": "2 seconds", 
                "BootImage": "Option ROM only", 
                "BootSkipDelayTime": "5 seconds", 
                "BootType": "PXE", 
                "ChangeMac": "Default", 
                "EventMergeTimeout": "8740 nanoseconds", 
                "FirmwareVariant": "Auto", 
                "InsecureFilters": "Default", 
                "Link-UpDelayTime": "5 seconds", 
                "LinkSpeed": "Negotiated automatically", 
                "MacAddress": "00-0F-53-42-2B-80", 
                "MacSpoofing": "Default", 
                "PfMsi-XInterruptLimit": "32", 
                "PhysicalFunctionsOnThisPort": "1", 
                "PortMode": "2x10G", 
                "RxDescriptorCacheSize": "32", 
                "SwitchMode": "Default", 
                "TotalNumberOfVis": "2048", 
                "TxDescriptorCacheSize": "16", 
                "VfMsi-XInterruptLimit": "8", 
                "VirtualFunctionsOnEachPf": "0", 
                "VlanTags": "None"
            }, 
            "Port1": {
                "BannerDelayTime": "2 seconds", 
                "BootImage": "Option ROM only", 
                "BootSkipDelayTime": "5 seconds", 
                "BootType": "PXE", 
                "ChangeMac": "Default", 
                "EventMergeTimeout": "8740 nanoseconds", 
                "FirmwareVariant": "Auto", 
                "InsecureFilters": "Default", 
                "Link-UpDelayTime": "5 seconds", 
                "LinkSpeed": "Negotiated automatically", 
                "MacAddress": "00-0F-53-42-2B-81", 
                "MacSpoofing": "Default", 
                "PfMsi-XInterruptLimit": "32", 
                "PhysicalFunctionsOnThisPort": "1", 
                "PortMode": "2x10G", 
                "RxDescriptorCacheSize": "32", 
                "SwitchMode": "Default", 
                "TotalNumberOfVis": "2048", 
                "TxDescriptorCacheSize": "16", 
                "VfMsi-XInterruptLimit": "8", 
                "VirtualFunctionsOnEachPf": "0", 
                "VlanTags": "None"
            }, 
            "ProductName": "Solarflare SFN7122F 2x10GbE SFP+ Flareon Ultra", 
            "SerialNumber": "750121310371161917100045"
        }, 
        "Slot4": {
            "BootROMVersion": "v4.6.0.1003", 
            "ControllerType": "Solarflare SFC9100 family", 
            "ControllerVersion": "v4.7.1.1001", 
            "FirmwareVersion": "v6.2.0", 
            "InstalledKeys": "Onload,PTP", 
            "Port0": {
                "BannerDelayTime": "2 seconds", 
                "BootImage": "Option ROM only", 
                "BootSkipDelayTime": "5 seconds", 
                "BootType": "PXE", 
                "ChangeMac": "Default", 
                "EventMergeTimeout": "8740 nanoseconds", 
                "FirmwareVariant": "Auto", 
                "InsecureFilters": "Default", 
                "Link-UpDelayTime": "5 seconds", 
                "LinkSpeed": "Negotiated automatically", 
                "MacAddress": "00-0F-53-42-40-F0", 
                "MacSpoofing": "Default", 
                "PfMsi-XInterruptLimit": "32", 
                "PhysicalFunctionsOnThisPort": "1", 
                "PortMode": "2x10G", 
                "RxDescriptorCacheSize": "32", 
                "SwitchMode": "Default", 
                "TotalNumberOfVis": "2048", 
                "TxDescriptorCacheSize": "16", 
                "VfMsi-XInterruptLimit": "8", 
                "VirtualFunctionsOnEachPf": "0", 
                "VlanTags": "None"
            }, 
            "Port1": {
                "BannerDelayTime": "2 seconds", 
                "BootImage": "Option ROM only", 
                "BootSkipDelayTime": "5 seconds", 
                "BootType": "PXE", 
                "ChangeMac": "Default", 
                "EventMergeTimeout": "8740 nanoseconds", 
                "FirmwareVariant": "Auto", 
                "InsecureFilters": "Default", 
                "Link-UpDelayTime": "5 seconds", 
                "LinkSpeed": "Negotiated automatically", 
                "MacAddress": "00-0F-53-42-40-F1", 
                "MacSpoofing": "Default", 
                "PfMsi-XInterruptLimit": "32", 
                "PhysicalFunctionsOnThisPort": "1", 
                "PortMode": "2x10G", 
                "RxDescriptorCacheSize": "32", 
                "SwitchMode": "Default", 
                "TotalNumberOfVis": "2048", 
                "TxDescriptorCacheSize": "16", 
                "VfMsi-XInterruptLimit": "8", 
                "VirtualFunctionsOnEachPf": "0", 
                "VlanTags": "None"
            }, 
            "ProductName": "Solarflare SFN7122F 2x10GbE SFP+ Flareon Ultra", 
            "SerialNumber": "750121310371161917100388"
        }, 
        "Slot5": {
            "BootROMVersion": "v4.6.0.1003", 
            "ControllerType": "Solarflare SFC9100 family", 
            "ControllerVersion": "v4.7.1.1001", 
            "FirmwareVersion": "v6.2.0", 
            "InstalledKeys": "Onload,PTP", 
            "Port0": {
                "BannerDelayTime": "2 seconds", 
                "BootImage": "Option ROM only", 
                "BootSkipDelayTime": "5 seconds", 
                "BootType": "PXE", 
                "ChangeMac": "Default", 
                "EventMergeTimeout": "8740 nanoseconds", 
                "FirmwareVariant": "Auto", 
                "InsecureFilters": "Default", 
                "Link-UpDelayTime": "5 seconds", 
                "LinkSpeed": "Negotiated automatically", 
                "MacAddress": "00-0F-53-42-39-60", 
                "MacSpoofing": "Default", 
                "PfMsi-XInterruptLimit": "32", 
                "PhysicalFunctionsOnThisPort": "1", 
                "PortMode": "2x10G", 
                "RxDescriptorCacheSize": "32", 
                "SwitchMode": "Default", 
                "TotalNumberOfVis": "2048", 
                "TxDescriptorCacheSize": "16", 
                "VfMsi-XInterruptLimit": "8", 
                "VirtualFunctionsOnEachPf": "0", 
                "VlanTags": "None"
            }, 
            "Port1": {
                "BannerDelayTime": "2 seconds", 
                "BootImage": "Option ROM only", 
                "BootSkipDelayTime": "5 seconds", 
                "BootType": "PXE", 
                "ChangeMac": "Default", 
                "EventMergeTimeout": "8740 nanoseconds", 
                "FirmwareVariant": "Auto", 
                "InsecureFilters": "Default", 
                "Link-UpDelayTime": "5 seconds", 
                "LinkSpeed": "Negotiated automatically", 
                "MacAddress": "00-0F-53-42-39-61", 
                "MacSpoofing": "Default", 
                "PfMsi-XInterruptLimit": "32", 
                "PhysicalFunctionsOnThisPort": "1", 
                "PortMode": "2x10G", 
                "RxDescriptorCacheSize": "32", 
                "SwitchMode": "Default", 
                "TotalNumberOfVis": "2048", 
                "TxDescriptorCacheSize": "16", 
                "VfMsi-XInterruptLimit": "8", 
                "VirtualFunctionsOnEachPf": "0", 
                "VlanTags": "None"
            }, 
            "ProductName": "Solarflare SFN7122F 2x10GbE SFP+ Flareon Ultra", 
            "SerialNumber": "750121310371161917100267"
        }, 
        "Slot6": {
            "BootROMVersion": "v4.6.0.1003", 
            "ControllerType": "Solarflare SFC9100 family", 
            "ControllerVersion": "v4.7.1.1001", 
            "FirmwareVersion": "v6.2.0", 
            "InstalledKeys": "Onload,PTP", 
            "Port0": {
                "BannerDelayTime": "2 seconds", 
                "BootImage": "Option ROM only", 
                "BootSkipDelayTime": "5 seconds", 
                "BootType": "PXE", 
                "ChangeMac": "Default", 
                "EventMergeTimeout": "8740 nanoseconds", 
                "FirmwareVariant": "Auto", 
                "InsecureFilters": "Default", 
                "Link-UpDelayTime": "5 seconds", 
                "LinkSpeed": "Negotiated automatically", 
                "MacAddress": "00-0F-53-4C-0C-80", 
                "MacSpoofing": "Default", 
                "PfMsi-XInterruptLimit": "32", 
                "PhysicalFunctionsOnThisPort": "1", 
                "PortMode": "2x10G", 
                "RxDescriptorCacheSize": "32", 
                "SwitchMode": "Default", 
                "TotalNumberOfVis": "2048", 
                "TxDescriptorCacheSize": "16", 
                "VfMsi-XInterruptLimit": "8", 
                "VirtualFunctionsOnEachPf": "0", 
                "VlanTags": "None"
            }, 
            "Port1": {
                "BannerDelayTime": "2 seconds", 
                "BootImage": "Option ROM only", 
                "BootSkipDelayTime": "5 seconds", 
                "BootType": "PXE", 
                "ChangeMac": "Default", 
                "EventMergeTimeout": "8740 nanoseconds", 
                "FirmwareVariant": "Auto", 
                "InsecureFilters": "Default", 
                "Link-UpDelayTime": "5 seconds", 
                "LinkSpeed": "Negotiated automatically", 
                "MacAddress": "00-0F-53-4C-0C-81", 
                "MacSpoofing": "Default", 
                "PfMsi-XInterruptLimit": "32", 
                "PhysicalFunctionsOnThisPort": "1", 
                "PortMode": "2x10G", 
                "RxDescriptorCacheSize": "32", 
                "SwitchMode": "Default", 
                "TotalNumberOfVis": "2048", 
                "TxDescriptorCacheSize": "16", 
                "VfMsi-XInterruptLimit": "8", 
                "VirtualFunctionsOnEachPf": "0", 
                "VlanTags": "None"
            }, 
            "ProductName": "Solarflare Flareon Ultra 7000 Series 10G Adapter", 
            "SerialNumber": "750102304371164147100431"
        }
    }
}