{
    "J11V4Z4": {
        "ChassisHostname": "labn17", 
        "Slot1": {
            "BootROMVersion": "v4.6.0.1003", 
            "ControllerType": "Solarflare SFC9100 family", 
            "ControllerVersion": "v4.7.1.1001", 
            "FirmwareVersion": "v6.2.0", 
            "InstalledKeys": "Onload,PTP", 
            "Port0": {
                "BannerDelayTime": "2 seconds", 
                "BootImage": "Option ROM only", 
                "BootSkipDelayTime": "5 seconds", 
                "BootType": "PXE", 
                "ChangeMac": "Default", 
                "EventMergeTimeout": "8740 nanoseconds", 
                "FirmwareVariant": "Auto", 
                "InsecureFilters": "Default", 
                "Link-UpDelayTime": "5 seconds", 
                "LinkSpeed": "Negotiated automatically", 
                "MacAddress": "00-0F-53-52-68-80", 
                "MacSpoofing": "Default", 
                "PfMsi-XInterruptLimit": "32", 
                "PhysicalFunctionsOnThisPort": "1", 
                "PortMode": "2x10G", 
                "RxDescriptorCacheSize": "32", 
                "SwitchMode": "Default", 
                "TotalNumberOfVis": "2048", 
                "TxDescriptorCacheSize": "16", 
                "VfMsi-XInterruptLimit": "8", 
                "VirtualFunctionsOnEachPf": "0", 
                "VlanTags": "None"
            }, 
            "Port1": {
                "BannerDelayTime": "2 seconds", 
                "BootImage": "Option ROM only", 
                "BootSkipDelayTime": "5 seconds", 
                "BootType": "PXE", 
                "ChangeMac": "Default", 
                "EventMergeTimeout": "8740 nanoseconds", 
                "FirmwareVariant": "Auto", 
                "InsecureFilters": "Default", 
                "Link-UpDelayTime": "5 seconds", 
                "LinkSpeed": "Negotiated automatically", 
                "MacAddress": "00-0F-53-52-68-81", 
                "MacSpoofing": "Default", 
                "PfMsi-XInterruptLimit": "32", 
                "PhysicalFunctionsOnThisPort": "1", 
                "PortMode": "2x10G", 
                "RxDescriptorCacheSize": "32", 
                "SwitchMode": "Default", 
                "TotalNumberOfVis": "2048", 
                "TxDescriptorCacheSize": "16", 
                "VfMsi-XInterruptLimit": "8", 
                "VirtualFunctionsOnEachPf": "0", 
                "VlanTags": "None"
            }, 
            "ProductName": "Solarflare Flareon Ultra 7000 Series 10G Adapter", 
            "SerialNumber": "750102314371171317100321"
        }, 
        "Slot4": {
            "BootROMVersion": "v4.6.0.1003", 
            "ControllerType": "Solarflare SFC9100 family", 
            "ControllerVersion": "v4.7.1.1001", 
            "FirmwareVersion": "v6.2.0", 
            "InstalledKeys": "Onload,PTP", 
            "Port0": {
                "BannerDelayTime": "2 seconds", 
                "BootImage": "Option ROM only", 
                "BootSkipDelayTime": "5 seconds", 
                "BootType": "PXE", 
                "ChangeMac": "Default", 
                "EventMergeTimeout": "8740 nanoseconds", 
                "FirmwareVariant": "Auto", 
                "InsecureFilters": "Default", 
                "Link-UpDelayTime": "5 seconds", 
                "LinkSpeed": "Negotiated automatically", 
                "MacAddress": "00-0F-53-52-5B-A0", 
                "MacSpoofing": "Default", 
                "PfMsi-XInterruptLimit": "32", 
                "PhysicalFunctionsOnThisPort": "1", 
                "PortMode": "2x10G", 
                "RxDescriptorCacheSize": "32", 
                "SwitchMode": "Default", 
                "TotalNumberOfVis": "2048", 
                "TxDescriptorCacheSize": "16", 
                "VfMsi-XInterruptLimit": "8", 
                "VirtualFunctionsOnEachPf": "0", 
                "VlanTags": "None"
            }, 
            "Port1": {
                "BannerDelayTime": "2 seconds", 
                "BootImage": "Option ROM only", 
                "BootSkipDelayTime": "5 seconds", 
                "BootType": "PXE", 
                "ChangeMac": "Default", 
                "EventMergeTimeout": "8740 nanoseconds", 
                "FirmwareVariant": "Auto", 
                "InsecureFilters": "Default", 
                "Link-UpDelayTime": "5 seconds", 
                "LinkSpeed": "Negotiated automatically", 
                "MacAddress": "00-0F-53-52-5B-A1", 
                "MacSpoofing": "Default", 
                "PfMsi-XInterruptLimit": "32", 
                "PhysicalFunctionsOnThisPort": "1", 
                "PortMode": "2x10G", 
                "RxDescriptorCacheSize": "32", 
                "SwitchMode": "Default", 
                "TotalNumberOfVis": "2048", 
                "TxDescriptorCacheSize": "16", 
                "VfMsi-XInterruptLimit": "8", 
                "VirtualFunctionsOnEachPf": "0", 
                "VlanTags": "None"
            }, 
            "ProductName": "Solarflare Flareon Ultra 7000 Series 10G Adapter", 
            "SerialNumber": "750102314371171317100115"
        }, 
        "Slot5": {
            "BootROMVersion": "v4.6.0.1003", 
            "ControllerType": "Solarflare SFC9100 family", 
            "ControllerVersion": "v4.7.1.1001", 
            "FirmwareVersion": "v6.2.0", 
            "InstalledKeys": "Onload,PTP", 
            "Port0": {
                "BannerDelayTime": "2 seconds", 
                "BootImage": "Option ROM only", 
                "BootSkipDelayTime": "5 seconds", 
                "BootType": "PXE", 
                "ChangeMac": "Default", 
                "EventMergeTimeout": "8740 nanoseconds", 
                "FirmwareVariant": "Auto", 
                "InsecureFilters": "Default", 
                "Link-UpDelayTime": "5 seconds", 
                "LinkSpeed": "Negotiated automatically", 
                "MacAddress": "00-0F-53-52-58-D0", 
                "MacSpoofing": "Default", 
                "PfMsi-XInterruptLimit": "32", 
                "PhysicalFunctionsOnThisPort": "1", 
                "PortMode": "2x10G", 
                "RxDescriptorCacheSize": "32", 
                "SwitchMode": "Default", 
                "TotalNumberOfVis": "2048", 
                "TxDescriptorCacheSize": "16", 
                "VfMsi-XInterruptLimit": "8", 
                "VirtualFunctionsOnEachPf": "0", 
                "VlanTags": "None"
            }, 
            "Port1": {
                "BannerDelayTime": "2 seconds", 
                "BootImage": "Option ROM only", 
                "BootSkipDelayTime": "5 seconds", 
                "BootType": "PXE", 
                "ChangeMac": "Default", 
                "EventMergeTimeout": "8740 nanoseconds", 
                "FirmwareVariant": "Auto", 
                "InsecureFilters": "Default", 
                "Link-UpDelayTime": "5 seconds", 
                "LinkSpeed": "Negotiated automatically", 
                "MacAddress": "00-0F-53-52-58-D1", 
                "MacSpoofing": "Default", 
                "PfMsi-XInterruptLimit": "32", 
                "PhysicalFunctionsOnThisPort": "1", 
                "PortMode": "2x10G", 
                "RxDescriptorCacheSize": "32", 
                "SwitchMode": "Default", 
                "TotalNumberOfVis": "2048", 
                "TxDescriptorCacheSize": "16", 
                "VfMsi-XInterruptLimit": "8", 
                "VirtualFunctionsOnEachPf": "0", 
                "VlanTags": "None"
            }, 
            "ProductName": "Solarflare Flareon Ultra 7000 Series 10G Adapter", 
            "SerialNumber": "750102314371171317100070"
        }, 
        "Slot6": {
            "BootROMVersion": "v4.6.0.1003", 
            "ControllerType": "Solarflare SFC9100 family", 
            "ControllerVersion": "v4.7.1.1001", 
            "FirmwareVersion": "v6.2.0", 
            "InstalledKeys": "Onload,PTP", 
            "Port0": {
                "BannerDelayTime": "2 seconds", 
                "BootImage": "Option ROM only", 
                "BootSkipDelayTime": "5 seconds", 
                "BootType": "PXE", 
                "ChangeMac": "Default", 
                "EventMergeTimeout": "8740 nanoseconds", 
                "FirmwareVariant": "Auto", 
                "InsecureFilters": "Default", 
                "Link-UpDelayTime": "5 seconds", 
                "LinkSpeed": "Negotiated automatically", 
                "MacAddress": "00-0F-53-52-57-E0", 
                "MacSpoofing": "Default", 
                "PfMsi-XInterruptLimit": "32", 
                "PhysicalFunctionsOnThisPort": "1", 
                "PortMode": "2x10G", 
                "RxDescriptorCacheSize": "32", 
                "SwitchMode": "Default", 
                "TotalNumberOfVis": "2048", 
                "TxDescriptorCacheSize": "16", 
                "VfMsi-XInterruptLimit": "8", 
                "VirtualFunctionsOnEachPf": "0", 
                "VlanTags": "None"
            }, 
            "Port1": {
                "BannerDelayTime": "2 seconds", 
                "BootImage": "Option ROM only", 
                "BootSkipDelayTime": "5 seconds", 
                "BootType": "PXE", 
                "ChangeMac": "Default", 
                "EventMergeTimeout": "8740 nanoseconds", 
                "FirmwareVariant": "Auto", 
                "InsecureFilters": "Default", 
                "Link-UpDelayTime": "5 seconds", 
                "LinkSpeed": "Negotiated automatically", 
                "MacAddress": "00-0F-53-52-57-E1", 
                "MacSpoofing": "Default", 
                "PfMsi-XInterruptLimit": "32", 
                "PhysicalFunctionsOnThisPort": "1", 
                "PortMode": "2x10G", 
                "RxDescriptorCacheSize": "32", 
                "SwitchMode": "Default", 
                "TotalNumberOfVis": "2048", 
                "TxDescriptorCacheSize": "16", 
                "VfMsi-XInterruptLimit": "8", 
                "VirtualFunctionsOnEachPf": "0", 
                "VlanTags": "None"
            }, 
            "ProductName": "Solarflare Flareon Ultra 7000 Series 10G Adapter", 
            "SerialNumber": "750102314371171317100055"
        }
    }
}