{
    "J11V4Z3": {
        "ChassisHostname": "labn18", 
        "Slot1": {
            "BootROMVersion": "v4.6.0.1003", 
            "ControllerType": "Solarflare SFC9100 family", 
            "ControllerVersion": "v4.7.1.1001", 
            "FirmwareVersion": "v6.2.0", 
            "InstalledKeys": "Onload,PTP", 
            "Port0": {
                "BannerDelayTime": "2 seconds", 
                "BootImage": "Option ROM only", 
                "BootSkipDelayTime": "5 seconds", 
                "BootType": "PXE", 
                "ChangeMac": "Default", 
                "EventMergeTimeout": "8740 nanoseconds", 
                "FirmwareVariant": "Auto", 
                "InsecureFilters": "Default", 
                "Link-UpDelayTime": "5 seconds", 
                "LinkSpeed": "Negotiated automatically", 
                "MacAddress": "00-0F-53-52-66-C0", 
                "MacSpoofing": "Default", 
                "PfMsi-XInterruptLimit": "32", 
                "PhysicalFunctionsOnThisPort": "1", 
                "PortMode": "2x10G", 
                "RxDescriptorCacheSize": "32", 
                "SwitchMode": "Default", 
                "TotalNumberOfVis": "2048", 
                "TxDescriptorCacheSize": "16", 
                "VfMsi-XInterruptLimit": "8", 
                "VirtualFunctionsOnEachPf": "0", 
                "VlanTags": "None"
            }, 
            "Port1": {
                "BannerDelayTime": "2 seconds", 
                "BootImage": "Option ROM only", 
                "BootSkipDelayTime": "5 seconds", 
                "BootType": "PXE", 
                "ChangeMac": "Default", 
                "EventMergeTimeout": "8740 nanoseconds", 
                "FirmwareVariant": "Auto", 
                "InsecureFilters": "Default", 
                "Link-UpDelayTime": "5 seconds", 
                "LinkSpeed": "Negotiated automatically", 
                "MacAddress": "00-0F-53-52-66-C1", 
                "MacSpoofing": "Default", 
                "PfMsi-XInterruptLimit": "32", 
                "PhysicalFunctionsOnThisPort": "1", 
                "PortMode": "2x10G", 
                "RxDescriptorCacheSize": "32", 
                "SwitchMode": "Default", 
                "TotalNumberOfVis": "2048", 
                "TxDescriptorCacheSize": "16", 
                "VfMsi-XInterruptLimit": "8", 
                "VirtualFunctionsOnEachPf": "0", 
                "VlanTags": "None"
            }, 
            "ProductName": "Solarflare Flareon Ultra 7000 Series 10G Adapter", 
            "SerialNumber": "750102314371171317100293"
        }, 
        "Slot4": {
            "BootROMVersion": "v4.6.0.1003", 
            "ControllerType": "Solarflare SFC9100 family", 
            "ControllerVersion": "v4.7.1.1001", 
            "FirmwareVersion": "v6.2.0", 
            "InstalledKeys": "Onload,PTP", 
            "Port0": {
                "BannerDelayTime": "2 seconds", 
                "BootImage": "Option ROM only", 
                "BootSkipDelayTime": "5 seconds", 
                "BootType": "PXE", 
                "ChangeMac": "Default", 
                "EventMergeTimeout": "8740 nanoseconds", 
                "FirmwareVariant": "Auto", 
                "InsecureFilters": "Default", 
                "Link-UpDelayTime": "5 seconds", 
                "LinkSpeed": "Negotiated automatically", 
                "MacAddress": "00-0F-53-52-5E-60", 
                "MacSpoofing": "Default", 
                "PfMsi-XInterruptLimit": "32", 
                "PhysicalFunctionsOnThisPort": "1", 
                "PortMode": "2x10G", 
                "RxDescriptorCacheSize": "32", 
                "SwitchMode": "Default", 
                "TotalNumberOfVis": "2048", 
                "TxDescriptorCacheSize": "16", 
                "VfMsi-XInterruptLimit": "8", 
                "VirtualFunctionsOnEachPf": "0", 
                "VlanTags": "None"
            }, 
            "Port1": {
                "BannerDelayTime": "2 seconds", 
                "BootImage": "Option ROM only", 
                "BootSkipDelayTime": "5 seconds", 
                "BootType": "PXE", 
                "ChangeMac": "Default", 
                "EventMergeTimeout": "8740 nanoseconds", 
                "FirmwareVariant": "Auto", 
                "InsecureFilters": "Default", 
                "Link-UpDelayTime": "5 seconds", 
                "LinkSpeed": "Negotiated automatically", 
                "MacAddress": "00-0F-53-52-5E-61", 
                "MacSpoofing": "Default", 
                "PfMsi-XInterruptLimit": "32", 
                "PhysicalFunctionsOnThisPort": "1", 
                "PortMode": "2x10G", 
                "RxDescriptorCacheSize": "32", 
                "SwitchMode": "Default", 
                "TotalNumberOfVis": "2048", 
                "TxDescriptorCacheSize": "16", 
                "VfMsi-XInterruptLimit": "8", 
                "VirtualFunctionsOnEachPf": "0", 
                "VlanTags": "None"
            }, 
            "ProductName": "Solarflare Flareon Ultra 7000 Series 10G Adapter", 
            "SerialNumber": "750102314371171317100159"
        }, 
        "Slot5": {
            "BootROMVersion": "v4.6.0.1003", 
            "ControllerType": "Solarflare SFC9100 family", 
            "ControllerVersion": "v4.7.1.1001", 
            "FirmwareVersion": "v6.2.0", 
            "InstalledKeys": "Onload,PTP", 
            "Port0": {
                "BannerDelayTime": "2 seconds", 
                "BootImage": "Option ROM only", 
                "BootSkipDelayTime": "5 seconds", 
                "BootType": "PXE", 
                "ChangeMac": "Default", 
                "EventMergeTimeout": "8740 nanoseconds", 
                "FirmwareVariant": "Auto", 
                "InsecureFilters": "Default", 
                "Link-UpDelayTime": "5 seconds", 
                "LinkSpeed": "Negotiated automatically", 
                "MacAddress": "00-0F-53-52-63-00", 
                "MacSpoofing": "Default", 
                "PfMsi-XInterruptLimit": "32", 
                "PhysicalFunctionsOnThisPort": "1", 
                "PortMode": "2x10G", 
                "RxDescriptorCacheSize": "32", 
                "SwitchMode": "Default", 
                "TotalNumberOfVis": "2048", 
                "TxDescriptorCacheSize": "16", 
                "VfMsi-XInterruptLimit": "8", 
                "VirtualFunctionsOnEachPf": "0", 
                "VlanTags": "None"
            }, 
            "Port1": {
                "BannerDelayTime": "2 seconds", 
                "BootImage": "Option ROM only", 
                "BootSkipDelayTime": "5 seconds", 
                "BootType": "PXE", 
                "ChangeMac": "Default", 
                "EventMergeTimeout": "8740 nanoseconds", 
                "FirmwareVariant": "Auto", 
                "InsecureFilters": "Default", 
                "Link-UpDelayTime": "5 seconds", 
                "LinkSpeed": "Negotiated automatically", 
                "MacAddress": "00-0F-53-52-63-01", 
                "MacSpoofing": "Default", 
                "PfMsi-XInterruptLimit": "32", 
                "PhysicalFunctionsOnThisPort": "1", 
                "PortMode": "2x10G", 
                "RxDescriptorCacheSize": "32", 
                "SwitchMode": "Default", 
                "TotalNumberOfVis": "2048", 
                "TxDescriptorCacheSize": "16", 
                "VfMsi-XInterruptLimit": "8", 
                "VirtualFunctionsOnEachPf": "0", 
                "VlanTags": "None"
            }, 
            "ProductName": "Solarflare Flareon Ultra 7000 Series 10G Adapter", 
            "SerialNumber": "750102314371171317100233"
        }, 
        "Slot6": {
            "BootROMVersion": "v4.6.0.1003", 
            "ControllerType": "Solarflare SFC9100 family", 
            "ControllerVersion": "v4.7.1.1001", 
            "FirmwareVersion": "v6.2.0", 
            "InstalledKeys": "Onload,PTP", 
            "Port0": {
                "BannerDelayTime": "2 seconds", 
                "BootImage": "Option ROM only", 
                "BootSkipDelayTime": "5 seconds", 
                "BootType": "PXE", 
                "ChangeMac": "Default", 
                "EventMergeTimeout": "8740 nanoseconds", 
                "FirmwareVariant": "Auto", 
                "InsecureFilters": "Default", 
                "Link-UpDelayTime": "5 seconds", 
                "LinkSpeed": "Negotiated automatically", 
                "MacAddress": "00-0F-53-52-5C-90", 
                "MacSpoofing": "Default", 
                "PfMsi-XInterruptLimit": "32", 
                "PhysicalFunctionsOnThisPort": "1", 
                "PortMode": "2x10G", 
                "RxDescriptorCacheSize": "32", 
                "SwitchMode": "Default", 
                "TotalNumberOfVis": "2048", 
                "TxDescriptorCacheSize": "16", 
                "VfMsi-XInterruptLimit": "8", 
                "VirtualFunctionsOnEachPf": "0", 
                "VlanTags": "None"
            }, 
            "Port1": {
                "BannerDelayTime": "2 seconds", 
                "BootImage": "Option ROM only", 
                "BootSkipDelayTime": "5 seconds", 
                "BootType": "PXE", 
                "ChangeMac": "Default", 
                "EventMergeTimeout": "8740 nanoseconds", 
                "FirmwareVariant": "Auto", 
                "InsecureFilters": "Default", 
                "Link-UpDelayTime": "5 seconds", 
                "LinkSpeed": "Negotiated automatically", 
                "MacAddress": "00-0F-53-52-5C-91", 
                "MacSpoofing": "Default", 
                "PfMsi-XInterruptLimit": "32", 
                "PhysicalFunctionsOnThisPort": "1", 
                "PortMode": "2x10G", 
                "RxDescriptorCacheSize": "32", 
                "SwitchMode": "Default", 
                "TotalNumberOfVis": "2048", 
                "TxDescriptorCacheSize": "16", 
                "VfMsi-XInterruptLimit": "8", 
                "VirtualFunctionsOnEachPf": "0", 
                "VlanTags": "None"
            }, 
            "ProductName": "Solarflare Flareon Ultra 7000 Series 10G Adapter", 
            "SerialNumber": "750102314371171317100130"
        }
    }
}